id,name,blockId,block,operator,province,status,environment,longitude,latitude,firstProduction,lastProduction,formation
well-area-escuela-norte-1-e6d2f7759d,ESC-RTE-001,block-area-escuela-norte-5bc07eb7d5,Área Escuela Norte,Operadora Didáctica,Santa Cruz,En producción,onshore,-69.173045,-50.262196,2018-01-01,2021-12-01,Formación demostrativa
well-area-escuela-norte-2-8ccbf1ac2d,ESC-RTE-002,block-area-escuela-norte-5bc07eb7d5,Área Escuela Norte,Operadora Didáctica,Santa Cruz,En producción,onshore,-69.144202,-50.089278,2019-02-01,2023-01-01,Formación demostrativa
well-area-escuela-norte-3-279baabd57,ESC-RTE-003,block-area-escuela-norte-5bc07eb7d5,Área Escuela Norte,Operadora Didáctica,Santa Cruz,En producción,onshore,-68.885205,-50.214689,2020-03-01,2024-02-01,Formación demostrativa
well-area-escuela-norte-4-5e853d8753,ESC-RTE-004,block-area-escuela-norte-5bc07eb7d5,Área Escuela Norte,Operadora Didáctica,Santa Cruz,En producción,onshore,-68.988432,-50.244547,2021-04-01,2025-03-01,Formación demostrativa
well-area-escuela-norte-5-893ca46e94,ESC-RTE-005,block-area-escuela-norte-5bc07eb7d5,Área Escuela Norte,Operadora Didáctica,Santa Cruz,En producción,onshore,-69.056485,-50.287763,2022-05-01,2026-04-01,Formación demostrativa
well-area-escuela-norte-6-87592a373e,ESC-RTE-006,block-area-escuela-norte-5bc07eb7d5,Área Escuela Norte,Operadora Didáctica,Santa Cruz,En producción,onshore,-68.843264,-50.07121,2018-06-01,2022-05-01,Formación demostrativa
well-area-escuela-norte-7-ed0dfcf716,ESC-RTE-007,block-area-escuela-norte-5bc07eb7d5,Área Escuela Norte,Operadora Didáctica,Santa Cruz,En producción,onshore,-68.818991,-50.081214,2019-07-01,2023-06-01,Formación demostrativa
well-area-escuela-norte-8-fac3ed6d39,ESC-RTE-008,block-area-escuela-norte-5bc07eb7d5,Área Escuela Norte,Operadora Didáctica,Santa Cruz,En producción,onshore,-68.749792,-50.147557,2020-08-01,2024-07-01,Formación demostrativa
well-area-escuela-norte-9-419be06d6c,ESC-RTE-009,block-area-escuela-norte-5bc07eb7d5,Área Escuela Norte,Operadora Didáctica,Santa Cruz,En producción,onshore,-68.780167,-50.330275,2021-09-01,2025-08-01,Formación demostrativa
well-area-escuela-norte-10-3391312a66,ESC-RTE-010,block-area-escuela-norte-5bc07eb7d5,Área Escuela Norte,Operadora Didáctica,Santa Cruz,En producción,onshore,-69.064053,-50.205875,2022-10-01,2026-09-01,Formación demostrativa
well-area-escuela-norte-11-0c1be4c712,ESC-RTE-011,block-area-escuela-norte-5bc07eb7d5,Área Escuela Norte,Operadora Didáctica,Santa Cruz,En producción,onshore,-68.776279,-50.020623,2018-01-01,2021-12-01,Formación demostrativa
well-area-escuela-norte-12-7345d14e3a,ESC-RTE-012,block-area-escuela-norte-5bc07eb7d5,Área Escuela Norte,Operadora Didáctica,Santa Cruz,En producción,onshore,-68.696674,-50.333129,2019-02-01,2023-01-01,Formación demostrativa
well-area-escuela-norte-13-457a58684c,ESC-RTE-013,block-area-escuela-norte-5bc07eb7d5,Área Escuela Norte,Operadora Didáctica,Santa Cruz,En producción,onshore,-68.891174,-50.299674,2020-03-01,2024-02-01,Formación demostrativa
well-area-escuela-norte-14-728c10d761,ESC-RTE-014,block-area-escuela-norte-5bc07eb7d5,Área Escuela Norte,Operadora Didáctica,Santa Cruz,En producción,onshore,-68.947724,-50.35954,2021-04-01,2025-03-01,Formación demostrativa
well-area-escuela-norte-15-07c4367e52,ESC-RTE-015,block-area-escuela-norte-5bc07eb7d5,Área Escuela Norte,Operadora Didáctica,Santa Cruz,Inactivo,onshore,-68.978891,-50.052114,2022-05-01,2026-04-01,Formación demostrativa
well-area-escuela-norte-16-940d221d6a,ESC-RTE-016,block-area-escuela-norte-5bc07eb7d5,Área Escuela Norte,Operadora Didáctica,Santa Cruz,Inactivo,onshore,-69.068445,-50.105019,2018-06-01,2022-05-01,Formación demostrativa
well-area-escuela-sur-1-2372c1bb6a,ESC-SUR-001,block-area-escuela-sur-9d0114022e,Área Escuela Sur,Energía Abierta,Tierra del Fuego,En producción,onshore,-68.630187,-53.40024,2018-01-01,2021-12-01,Formación demostrativa
well-area-escuela-sur-2-f475c7e0a9,ESC-SUR-002,block-area-escuela-sur-9d0114022e,Área Escuela Sur,Energía Abierta,Tierra del Fuego,En producción,onshore,-68.136734,-53.639556,2019-02-01,2023-01-01,Formación demostrativa
well-area-escuela-sur-3-39ce8ba874,ESC-SUR-003,block-area-escuela-sur-9d0114022e,Área Escuela Sur,Energía Abierta,Tierra del Fuego,En producción,onshore,-68.525942,-53.588974,2020-03-01,2024-02-01,Formación demostrativa
well-area-escuela-sur-4-9d04930139,ESC-SUR-004,block-area-escuela-sur-9d0114022e,Área Escuela Sur,Energía Abierta,Tierra del Fuego,En producción,onshore,-68.15965,-53.501359,2021-04-01,2025-03-01,Formación demostrativa
well-area-escuela-sur-5-d97c8667ac,ESC-SUR-005,block-area-escuela-sur-9d0114022e,Área Escuela Sur,Energía Abierta,Tierra del Fuego,En producción,onshore,-68.122412,-53.616814,2022-05-01,2026-04-01,Formación demostrativa
well-area-escuela-sur-6-44bd975afd,ESC-SUR-006,block-area-escuela-sur-9d0114022e,Área Escuela Sur,Energía Abierta,Tierra del Fuego,En producción,onshore,-68.658816,-53.506155,2018-06-01,2022-05-01,Formación demostrativa
well-area-escuela-sur-7-71d12eb877,ESC-SUR-007,block-area-escuela-sur-9d0114022e,Área Escuela Sur,Energía Abierta,Tierra del Fuego,En producción,onshore,-68.352927,-53.627122,2019-07-01,2023-06-01,Formación demostrativa
well-area-escuela-sur-8-88465e4335,ESC-SUR-008,block-area-escuela-sur-9d0114022e,Área Escuela Sur,Energía Abierta,Tierra del Fuego,En producción,onshore,-68.42738,-53.549237,2020-08-01,2024-07-01,Formación demostrativa
well-area-escuela-sur-9-61da0488cf,ESC-SUR-009,block-area-escuela-sur-9d0114022e,Área Escuela Sur,Energía Abierta,Tierra del Fuego,En producción,onshore,-68.529509,-53.516673,2021-09-01,2025-08-01,Formación demostrativa
well-area-escuela-sur-10-d5332ba992,ESC-SUR-010,block-area-escuela-sur-9d0114022e,Área Escuela Sur,Energía Abierta,Tierra del Fuego,En producción,onshore,-68.437797,-53.531715,2022-10-01,2026-09-01,Formación demostrativa
well-area-escuela-sur-11-60072f19a6,ESC-SUR-011,block-area-escuela-sur-9d0114022e,Área Escuela Sur,Energía Abierta,Tierra del Fuego,En producción,onshore,-68.544775,-53.438677,2018-01-01,2021-12-01,Formación demostrativa
well-area-escuela-sur-12-c29cca5752,ESC-SUR-012,block-area-escuela-sur-9d0114022e,Área Escuela Sur,Energía Abierta,Tierra del Fuego,Inactivo,onshore,-68.390247,-53.61342,2019-02-01,2023-01-01,Formación demostrativa
well-area-escuela-sur-13-0d3e0635d7,ESC-SUR-013,block-area-escuela-sur-9d0114022e,Área Escuela Sur,Energía Abierta,Tierra del Fuego,Inactivo,onshore,-68.646097,-53.582952,2020-03-01,2024-02-01,Formación demostrativa
well-area-escuela-marina-1-772d6e465f,ESC-INA-001,block-area-escuela-marina-118144ca76,Área Escuela Marina,Consorcio Austral,Tierra del Fuego,En producción,offshore,-66.050777,-52.641965,2018-01-01,2021-12-01,Formación demostrativa
well-area-escuela-marina-2-0a45f11663,ESC-INA-002,block-area-escuela-marina-118144ca76,Área Escuela Marina,Consorcio Austral,Tierra del Fuego,En producción,offshore,-65.979514,-52.325093,2019-02-01,2023-01-01,Formación demostrativa
well-area-escuela-marina-3-d5cdc46582,ESC-INA-003,block-area-escuela-marina-118144ca76,Área Escuela Marina,Consorcio Austral,Tierra del Fuego,En producción,offshore,-66.221638,-52.628562,2020-03-01,2024-02-01,Formación demostrativa
well-area-escuela-marina-4-6f0a44afd6,ESC-INA-004,block-area-escuela-marina-118144ca76,Área Escuela Marina,Consorcio Austral,Tierra del Fuego,En producción,offshore,-66.200377,-52.536254,2021-04-01,2025-03-01,Formación demostrativa
well-area-escuela-marina-5-61b407017c,ESC-INA-005,block-area-escuela-marina-118144ca76,Área Escuela Marina,Consorcio Austral,Tierra del Fuego,En producción,offshore,-66.136379,-52.382094,2022-05-01,2026-04-01,Formación demostrativa
well-area-escuela-marina-6-232d63a8ac,ESC-INA-006,block-area-escuela-marina-118144ca76,Área Escuela Marina,Consorcio Austral,Tierra del Fuego,En producción,offshore,-66.466179,-52.461099,2018-06-01,2022-05-01,Formación demostrativa
well-area-escuela-marina-7-45c5eb4e7b,ESC-INA-007,block-area-escuela-marina-118144ca76,Área Escuela Marina,Consorcio Austral,Tierra del Fuego,En producción,offshore,-66.024134,-52.39965,2019-07-01,2023-06-01,Formación demostrativa
well-area-escuela-marina-8-e9f2667854,ESC-INA-008,block-area-escuela-marina-118144ca76,Área Escuela Marina,Consorcio Austral,Tierra del Fuego,En producción,offshore,-66.157534,-52.380774,2020-08-01,2024-07-01,Formación demostrativa
well-area-escuela-marina-9-bb1e9904dd,ESC-INA-009,block-area-escuela-marina-118144ca76,Área Escuela Marina,Consorcio Austral,Tierra del Fuego,En producción,offshore,-66.069356,-52.337284,2021-09-01,2025-08-01,Formación demostrativa
well-area-escuela-marina-10-8798012209,ESC-INA-010,block-area-escuela-marina-118144ca76,Área Escuela Marina,Consorcio Austral,Tierra del Fuego,Inactivo,offshore,-65.955096,-52.472816,2022-10-01,2026-09-01,Formación demostrativa
well-area-escuela-marina-11-d0b3bb7509,ESC-INA-011,block-area-escuela-marina-118144ca76,Área Escuela Marina,Consorcio Austral,Tierra del Fuego,Inactivo,offshore,-66.097443,-52.592493,2018-01-01,2021-12-01,Formación demostrativa
